<Concesionario>
    <Clientes>
        <Cliente>
            <CodigoCliente>1</CodigoCliente>
            <Nombre>Isaías</Nombre>
            <Apellidos>Guerrero Vazquez</Apellidos>
            <Direccion>Paseo Heliodoro Rivas</Direccion>
            <Poblacion>León</Poblacion>
            <CodigoPostal>30006</CodigoPostal>
            <Provincia>Zaragoza</Provincia>
            <Telefono>+34 835116155</Telefono>
            <FechaNacimiento>1990-05-07</FechaNacimiento>
        </Cliente>
        <Cliente>
            <CodigoCliente>2</CodigoCliente>
            <Nombre>Juan Luis</Nombre>
            <Apellidos>Aroca Segovia</Apellidos>
            <Direccion>C. Cayetano Marcos</Direccion>
            <Poblacion>Ourense</Poblacion>
            <CodigoPostal>30006</CodigoPostal>
            <Provincia>Sevilla</Provincia>
            <Telefono>+34 741647525</Telefono>
            <FechaNacimiento>1973-06-10</FechaNacimiento>
        </Cliente>
        <Cliente>
            <CodigoCliente>3</CodigoCliente>
            <Nombre>Hugo</Nombre>
            <Apellidos>Lasa Bellido</Apellidos>
            <Direccion>Paseo Luisina Hierro</Direccion>
            <Poblacion>Lleida</Poblacion>
            <CodigoPostal>30006</CodigoPostal>
            <Provincia>Madrid</Provincia>
            <Telefono>+34 740564139</Telefono>
            <FechaNacimiento>1998-02-12</FechaNacimiento>
        </Cliente>
        <Cliente>
            <CodigoCliente>4</CodigoCliente>
            <Nombre>Maxi</Nombre>
            <Apellidos>Garcia Valera</Apellidos>
            <Direccion>Pasaje de Eric Landa</Direccion>
            <Poblacion>Ciudad</Poblacion>
            <CodigoPostal>30006</CodigoPostal>
            <Provincia>Alicante</Provincia>
            <Telefono>+34 742871012</Telefono>
            <FechaNacimiento>1991-12-18</FechaNacimiento>
        </Cliente>
        <Cliente>
            <CodigoCliente>5</CodigoCliente>
            <Nombre>Feliciano</Nombre>
            <Apellidos>Roca Bartolomé</Apellidos>
            <Direccion>C. de Débora Solé</Direccion>
            <Poblacion>Navarra</Poblacion>
            <CodigoPostal>18451</CodigoPostal>
            <Provincia>Barcelona</Provincia>
            <Telefono>+34 706 27 04 82</Telefono>
            <FechaNacimiento>1983-10-24</FechaNacimiento>
        </Cliente>
        <Cliente>
            <CodigoCliente>6</CodigoCliente>
            <Nombre>Ximena</Nombre>
            <Apellidos>Camino Martín</Apellidos>
            <Direccion>Vial Raúl Cuéllar</Direccion>
            <Poblacion>Pontevedra</Poblacion>
            <CodigoPostal>30006</CodigoPostal>
            <Provincia>Madrid</Provincia>
            <Telefono>+34 603911718</Telefono>
            <FechaNacimiento>2001-05-18</FechaNacimiento>
        </Cliente>
        <Cliente>
            <CodigoCliente>7</CodigoCliente>
            <Nombre>Edgardo</Nombre>
            <Apellidos>Castellanos Talavera</Apellidos>
            <Direccion>Callejón Belén Rocha</Direccion>
            <Poblacion>Murcia</Poblacion>
            <CodigoPostal>30006</CodigoPostal>
            <Provincia>Sevilla</Provincia>
            <Telefono>+34721 331 509</Telefono>
            <FechaNacimiento>1986-12-16</FechaNacimiento>
        </Cliente>
        <Cliente>
            <CodigoCliente>8</CodigoCliente>
            <Nombre>Jeremías</Nombre>
            <Apellidos>Giménez Aguilar</Apellidos>
            <Direccion>Calle Jenaro Bauzà</Direccion>
            <Poblacion>Guipúzcoa</Poblacion>
            <CodigoPostal>30006</CodigoPostal>
            <Provincia>Bilbao</Provincia>
            <Telefono>+34702997376</Telefono>
            <FechaNacimiento>1962-03-22</FechaNacimiento>
        </Cliente>
        <Cliente>
            <CodigoCliente>9</CodigoCliente>
            <Nombre>Ciríaco</Nombre>
            <Apellidos>Caballero Rosa</Apellidos>
            <Direccion>Ronda de Segismundo Solera</Direccion>
            <Poblacion>Soria</Poblacion>
            <CodigoPostal>30006</CodigoPostal>
            <Provincia>Bilbao</Provincia>
            <Telefono>+34 723872624</Telefono>
            <FechaNacimiento>1980-09-29</FechaNacimiento>
        </Cliente>
        <Cliente>
            <CodigoCliente>10</CodigoCliente>
            <Nombre>Josep</Nombre>
            <Apellidos>Benet Salazar</Apellidos>
            <Direccion>Calle Florinda Alcolea</Direccion>
            <Poblacion>Valladolid</Poblacion>
            <CodigoPostal>26773</CodigoPostal>
            <Provincia>Sevilla</Provincia>
            <Telefono>+34802 606 474</Telefono>
            <FechaNacimiento>1978-01-18</FechaNacimiento>
        </Cliente>
        <Cliente>
            <CodigoCliente>11</CodigoCliente>
            <Nombre>Josefina</Nombre>
            <Apellidos>Torrecilla Cortina</Apellidos>
            <Direccion>Cañada Isaac Barragán</Direccion>
            <Poblacion>Valencia</Poblacion>
            <CodigoPostal>00978</CodigoPostal>
            <Provincia>Alicante</Provincia>
            <Telefono>+34820812191</Telefono>
            <FechaNacimiento>1995-03-19</FechaNacimiento>
        </Cliente>
        <Cliente>
            <CodigoCliente>12</CodigoCliente>
            <Nombre>Rosalva</Nombre>
            <Apellidos>Gutierrez Quintanilla</Apellidos>
            <Direccion>Camino Jose Manuel Ariño</Direccion>
            <Poblacion>La Rioja</Poblacion>
            <CodigoPostal>43534</CodigoPostal>
            <Provincia>Barcelona</Provincia>
            <Telefono>+34824 751 079</Telefono>
            <FechaNacimiento>1987-07-30</FechaNacimiento>
        </Cliente>
        <Cliente>
            <CodigoCliente>13</CodigoCliente>
            <Nombre>Cornelio</Nombre>
            <Apellidos>Beltrán Garcés</Apellidos>
            <Direccion>Vial de Paco Bayona</Direccion>
            <Poblacion>Huesca</Poblacion>
            <CodigoPostal>30006</CodigoPostal>
            <Provincia>Murcia</Provincia>
            <Telefono>+34880 84 12 41</Telefono>
            <FechaNacimiento>1956-07-19</FechaNacimiento>
        </Cliente>
        <Cliente>
            <CodigoCliente>14</CodigoCliente>
            <Nombre>Manuelita</Nombre>
            <Apellidos>Cortés Lladó</Apellidos>
            <Direccion>Glorieta de Liliana Novoa</Direccion>
            <Poblacion>Soria</Poblacion>
            <CodigoPostal>87401</CodigoPostal>
            <Provincia>Zaragoza</Provincia>
            <Telefono>+34964 00 52 42</Telefono>
            <FechaNacimiento>1999-09-15</FechaNacimiento>
        </Cliente>
        <Cliente>
            <CodigoCliente>15</CodigoCliente>
            <Nombre>Vasco</Nombre>
            <Apellidos>Roma Agustí</Apellidos>
            <Direccion>Avenida Sol Company</Direccion>
            <Poblacion>Huesca</Poblacion>
            <CodigoPostal>30006</CodigoPostal>
            <Provincia>Sevilla</Provincia>
            <Telefono>+34 705 331 586</Telefono>
            <FechaNacimiento>1991-07-02</FechaNacimiento>
        </Cliente>
        <Cliente>
            <CodigoCliente>16</CodigoCliente>
            <Nombre>Maribel</Nombre>
            <Apellidos>Cortes Guzmán</Apellidos>
            <Direccion>Rambla Socorro Revilla</Direccion>
            <Poblacion>Cádiz</Poblacion>
            <CodigoPostal>63421</CodigoPostal>
            <Provincia>Madrid</Provincia>
            <Telefono>+34907 337 543</Telefono>
            <FechaNacimiento>1964-06-07</FechaNacimiento>
        </Cliente>
        <Cliente>
            <CodigoCliente>17</CodigoCliente>
            <Nombre>Amado</Nombre>
            <Apellidos>Ferrando Pujadas</Apellidos>
            <Direccion>Callejón de Rosaura Baños</Direccion>
            <Poblacion>Huelva</Poblacion>
            <CodigoPostal>30006</CodigoPostal>
            <Provincia>Murcia</Provincia>
            <Telefono>+34 719401965</Telefono>
            <FechaNacimiento>1998-11-04</FechaNacimiento>
        </Cliente>
        <Cliente>
            <CodigoCliente>18</CodigoCliente>
            <Nombre>Miriam</Nombre>
            <Apellidos>Mir Rubio</Apellidos>
            <Direccion>C. Trinidad Falcón</Direccion>
            <Poblacion>Alicante</Poblacion>
            <CodigoPostal>30006</CodigoPostal>
            <Provincia>Málaga</Provincia>
            <Telefono>+34711 595 148</Telefono>
            <FechaNacimiento>1970-04-24</FechaNacimiento>
        </Cliente>
        <Cliente>
            <CodigoCliente>19</CodigoCliente>
            <Nombre>Griselda</Nombre>
            <Apellidos>Real Morera</Apellidos>
            <Direccion>Cañada de Casandra Castejón</Direccion>
            <Poblacion>La Rioja</Poblacion>
            <CodigoPostal>29946</CodigoPostal>
            <Provincia>Alicante</Provincia>
            <Telefono>+34710443699</Telefono>
            <FechaNacimiento>1993-10-25</FechaNacimiento>
        </Cliente>
        <Cliente>
            <CodigoCliente>20</CodigoCliente>
            <Nombre>Modesto</Nombre>
            <Apellidos>Sola Sala</Apellidos>
            <Direccion>Glorieta de Ariadna Sáenz</Direccion>
            <Poblacion>Sevilla</Poblacion>
            <CodigoPostal>48951</CodigoPostal>
            <Provincia>Barcelona</Provincia>
            <Telefono>+34 643320037</Telefono>
            <FechaNacimiento>1990-11-11</FechaNacimiento>
        </Cliente>
    </Clientes>
    <CochesVendidos>
        <Coche>
            <Matricula>1769MTS</Matricula>
            <Marca>Ford</Marca>
            <Modelo>Golf</Modelo>
            <Color>Blanco</Color>
            <Precio>20403</Precio>
            <Extras>GPS, Techo solar</Extras>
            <CodigoCliente>20</CodigoCliente>
            <Puertas>5</Puertas>
            <Fotografia>imatges/1769MTS.jpg</Fotografia>
        </Coche>
        <Coche>
            <Matricula>6763JPS</Matricula>
            <Marca>Volkswagen</Marca>
            <Modelo>Clio</Modelo>
            <Color>Blanco</Color>
            <Precio>9501</Precio>
            <Extras>Llantas, Techo solar</Extras>
            <CodigoCliente>3</CodigoCliente>
            <Puertas>3</Puertas>
            <Fotografia>imatges/6763JPS.jpg</Fotografia>
        </Coche>
        <Coche>
            <Matricula>0163LZS</Matricula>
            <Marca>Seat</Marca>
            <Modelo>Focus</Modelo>
            <Color>Rojo</Color>
            <Precio>22857</Precio>
            <Extras>Techo solar, Llantas</Extras>
            <CodigoCliente>12</CodigoCliente>
            <Puertas>5</Puertas>
            <Fotografia>imatges/0163LZS.jpg</Fotografia>
        </Coche>
        <Coche>
            <Matricula>8708PHD</Matricula>
            <Marca>Renault</Marca>
            <Modelo>208</Modelo>
            <Color>Blanco</Color>
            <Precio>13607</Precio>
            <Extras>Cámara trasera, Llantas</Extras>
            <CodigoCliente>6</CodigoCliente>
            <Puertas>5</Puertas>
            <Fotografia>imatges/8708PHD.jpg</Fotografia>
        </Coche>
        <Coche>
            <Matricula>2788MUW</Matricula>
            <Marca>Ford</Marca>
            <Modelo>208</Modelo>
            <Color>Gris</Color>
            <Precio>15196</Precio>
            <Extras>Techo solar, GPS</Extras>
            <CodigoCliente>8</CodigoCliente>
            <Puertas>3</Puertas>
            <Fotografia>imatges/2788MUW.jpg</Fotografia>
        </Coche>
        <Coche>
            <Matricula>7986JCK</Matricula>
            <Marca>Peugeot</Marca>
            <Modelo>Focus</Modelo>
            <Color>Rojo</Color>
            <Precio>10168</Precio>
            <Extras>Llantas, Techo solar</Extras>
            <CodigoCliente>7</CodigoCliente>
            <Puertas>5</Puertas>
            <Fotografia>imatges/7986JCK.jpg</Fotografia>
        </Coche>
        <Coche>
            <Matricula>7743ORX</Matricula>
            <Marca>Ford</Marca>
            <Modelo>Focus</Modelo>
            <Color>Negro</Color>
            <Precio>16679</Precio>
            <Extras>Llantas, Cámara trasera</Extras>
            <CodigoCliente>18</CodigoCliente>
            <Puertas>5</Puertas>
            <Fotografia>imatges/7743ORX.jpg</Fotografia>
        </Coche>
        <Coche>
            <Matricula>8734CET</Matricula>
            <Marca>Volkswagen</Marca>
            <Modelo>Focus</Modelo>
            <Color>Gris</Color>
            <Precio>21087</Precio>
            <Extras>Techo solar, Llantas</Extras>
            <CodigoCliente>5</CodigoCliente>
            <Puertas>5</Puertas>
            <Fotografia>imatges/8734CET.jpg</Fotografia>
        </Coche>
        <Coche>
            <Matricula>4345UIF</Matricula>
            <Marca>Seat</Marca>
            <Modelo>Ibiza</Modelo>
            <Color>Blanco</Color>
            <Precio>13008</Precio>
            <Extras>Llantas, Asientos cuero</Extras>
            <CodigoCliente>20</CodigoCliente>
            <Puertas>3</Puertas>
            <Fotografia>imatges/4345UIF.jpg</Fotografia>
        </Coche>
        <Coche>
            <Matricula>2236SJT</Matricula>
            <Marca>Ford</Marca>
            <Modelo>Focus</Modelo>
            <Color>Gris</Color>
            <Precio>23337</Precio>
            <Extras>Cámara trasera, Techo solar</Extras>
            <CodigoCliente>18</CodigoCliente>
            <Puertas>3</Puertas>
            <Fotografia>imatges/2236SJT.jpg</Fotografia>
        </Coche>
        <Coche>
            <Matricula>3166VID</Matricula>
            <Marca>Seat</Marca>
            <Modelo>Golf</Modelo>
            <Color>Rojo</Color>
            <Precio>19146</Precio>
            <Extras>GPS, Techo solar</Extras>
            <CodigoCliente>14</CodigoCliente>
            <Puertas>3</Puertas>
            <Fotografia>imatges/3166VID.jpg</Fotografia>
        </Coche>
        <Coche>
            <Matricula>6036YXL</Matricula>
            <Marca>Ford</Marca>
            <Modelo>Ibiza</Modelo>
            <Color>Rojo</Color>
            <Precio>24403</Precio>
            <Extras>Llantas, GPS</Extras>
            <CodigoCliente>10</CodigoCliente>
            <Puertas>3</Puertas>
            <Fotografia>imatges/6036YXL.jpg</Fotografia>
        </Coche>
        <Coche>
            <Matricula>0967AWT</Matricula>
            <Marca>Renault</Marca>
            <Modelo>208</Modelo>
            <Color>Negro</Color>
            <Precio>8018</Precio>
            <Extras>Cámara trasera, Techo solar</Extras>
            <CodigoCliente>16</CodigoCliente>
            <Puertas>3</Puertas>
            <Fotografia>imatges/0967AWT.jpg</Fotografia>
        </Coche>
        <Coche>
            <Matricula>6688ZMO</Matricula>
            <Marca>Seat</Marca>
            <Modelo>208</Modelo>
            <Color>Rojo</Color>
            <Precio>15846</Precio>
            <Extras>GPS, Llantas</Extras>
            <CodigoCliente>19</CodigoCliente>
            <Puertas>3</Puertas>
            <Fotografia>imatges/6688ZMO.jpg</Fotografia>
        </Coche>
        <Coche>
            <Matricula>7346FBY</Matricula>
            <Marca>Seat</Marca>
            <Modelo>Focus</Modelo>
            <Color>Blanco</Color>
            <Precio>12120</Precio>
            <Extras>Llantas, Asientos cuero</Extras>
            <CodigoCliente>18</CodigoCliente>
            <Puertas>3</Puertas>
            <Fotografia>imatges/7346FBY.jpg</Fotografia>
        </Coche>
        <Coche>
            <Matricula>5627INI</Matricula>
            <Marca>Peugeot</Marca>
            <Modelo>Golf</Modelo>
            <Color>Gris</Color>
            <Precio>21865</Precio>
            <Extras>Llantas, Cámara trasera</Extras>
            <CodigoCliente>10</CodigoCliente>
            <Puertas>5</Puertas>
            <Fotografia>imatges/5627INI.jpg</Fotografia>
        </Coche>
        <Coche>
            <Matricula>0699QBF</Matricula>
            <Marca>Peugeot</Marca>
            <Modelo>Focus</Modelo>
            <Color>Gris</Color>
            <Precio>22794</Precio>
            <Extras>GPS, Llantas</Extras>
            <CodigoCliente>8</CodigoCliente>
            <Puertas>3</Puertas>
            <Fotografia>imatges/0699QBF.jpg</Fotografia>
        </Coche>
        <Coche>
            <Matricula>6272DQY</Matricula>
            <Marca>Peugeot</Marca>
            <Modelo>Ibiza</Modelo>
            <Color>Gris</Color>
            <Precio>15540</Precio>
            <Extras>Cámara trasera, Llantas</Extras>
            <CodigoCliente>1</CodigoCliente>
            <Puertas>3</Puertas>
            <Fotografia>imatges/6272DQY.jpg</Fotografia>
        </Coche>
        <Coche>
            <Matricula>5375VWY</Matricula>
            <Marca>Seat</Marca>
            <Modelo>Clio</Modelo>
            <Color>Blanco</Color>
            <Precio>9029</Precio>
            <Extras>Techo solar, GPS</Extras>
            <CodigoCliente>17</CodigoCliente>
            <Puertas>3</Puertas>
            <Fotografia>imatges/5375VWY.jpg</Fotografia>
        </Coche>
        <Coche>
            <Matricula>4641EBV</Matricula>
            <Marca>Peugeot</Marca>
            <Modelo>Focus</Modelo>
            <Color>Negro</Color>
            <Precio>12335</Precio>
            <Extras>Cámara trasera, Asientos cuero</Extras>
            <CodigoCliente>8</CodigoCliente>
            <Puertas>5</Puertas>
            <Fotografia>imatges/4641EBV.jpg</Fotografia>
        </Coche>
    </CochesVendidos>
    <Revisiones>
        <Revision>
            <Numero>1</Numero>
            <CambioAceite>false</CambioAceite>
            <CambioFiltro>true</CambioFiltro>
            <RevisionFrenos>true</RevisionFrenos>
            <Otros>-</Otros>
            <Matricula>6688ZMO</Matricula>
        </Revision>
        <Revision>
            <Numero>2</Numero>
            <CambioAceite>false</CambioAceite>
            <CambioFiltro>false</CambioFiltro>
            <RevisionFrenos>false</RevisionFrenos>
            <Otros />
            <Matricula>6763JPS</Matricula>
        </Revision>
        <Revision>
            <Numero>3</Numero>
            <CambioAceite>true</CambioAceite>
            <CambioFiltro>true</CambioFiltro>
            <RevisionFrenos>false</RevisionFrenos>
            <Otros>Revisión general</Otros>
            <Matricula>8708PHD</Matricula>
        </Revision>
        <Revision>
            <Numero>4</Numero>
            <CambioAceite>true</CambioAceite>
            <CambioFiltro>true</CambioFiltro>
            <RevisionFrenos>true</RevisionFrenos>
            <Otros />
            <Matricula>2788MUW</Matricula>
        </Revision>
        <Revision>
            <Numero>5</Numero>
            <CambioAceite>false</CambioAceite>
            <CambioFiltro>true</CambioFiltro>
            <RevisionFrenos>false</RevisionFrenos>
            <Otros />
            <Matricula>8734CET</Matricula>
        </Revision>
        <Revision>
            <Numero>6</Numero>
            <CambioAceite>true</CambioAceite>
            <CambioFiltro>false</CambioFiltro>
            <RevisionFrenos>true</RevisionFrenos>
            <Otros>-</Otros>
            <Matricula>6272DQY</Matricula>
        </Revision>
        <Revision>
            <Numero>7</Numero>
            <CambioAceite>true</CambioAceite>
            <CambioFiltro>true</CambioFiltro>
            <RevisionFrenos>true</RevisionFrenos>
            <Otros>Cambio batería</Otros>
            <Matricula>6688ZMO</Matricula>
        </Revision>
        <Revision>
            <Numero>8</Numero>
            <CambioAceite>false</CambioAceite>
            <CambioFiltro>false</CambioFiltro>
            <RevisionFrenos>true</RevisionFrenos>
            <Otros />
            <Matricula>6763JPS</Matricula>
        </Revision>
        <Revision>
            <Numero>9</Numero>
            <CambioAceite>true</CambioAceite>
            <CambioFiltro>false</CambioFiltro>
            <RevisionFrenos>true</RevisionFrenos>
            <Otros />
            <Matricula>4345UIF</Matricula>
        </Revision>
        <Revision>
            <Numero>10</Numero>
            <CambioAceite>false</CambioAceite>
            <CambioFiltro>false</CambioFiltro>
            <RevisionFrenos>false</RevisionFrenos>
            <Otros />
            <Matricula>2788MUW</Matricula>
        </Revision>
        <Revision>
            <Numero>11</Numero>
            <CambioAceite>true</CambioAceite>
            <CambioFiltro>false</CambioFiltro>
            <RevisionFrenos>true</RevisionFrenos>
            <Otros>-</Otros>
            <Matricula>5375VWY</Matricula>
        </Revision>
        <Revision>
            <Numero>12</Numero>
            <CambioAceite>true</CambioAceite>
            <CambioFiltro>false</CambioFiltro>
            <RevisionFrenos>true</RevisionFrenos>
            <Otros>-</Otros>
            <Matricula>5375VWY</Matricula>
        </Revision>
        <Revision>
            <Numero>13</Numero>
            <CambioAceite>false</CambioAceite>
            <CambioFiltro>true</CambioFiltro>
            <RevisionFrenos>true</RevisionFrenos>
            <Otros>-</Otros>
            <Matricula>7986JCK</Matricula>
        </Revision>
        <Revision>
            <Numero>14</Numero>
            <CambioAceite>true</CambioAceite>
            <CambioFiltro>true</CambioFiltro>
            <RevisionFrenos>true</RevisionFrenos>
            <Otros />
            <Matricula>8708PHD</Matricula>
        </Revision>
        <Revision>
            <Numero>15</Numero>
            <CambioAceite>true</CambioAceite>
            <CambioFiltro>true</CambioFiltro>
            <RevisionFrenos>true</RevisionFrenos>
            <Otros />
            <Matricula>5375VWY</Matricula>
        </Revision>
        <Revision>
            <Numero>16</Numero>
            <CambioAceite>false</CambioAceite>
            <CambioFiltro>false</CambioFiltro>
            <RevisionFrenos>true</RevisionFrenos>
            <Otros>Revisión general</Otros>
            <Matricula>8734CET</Matricula>
        </Revision>
        <Revision>
            <Numero>17</Numero>
            <CambioAceite>false</CambioAceite>
            <CambioFiltro>false</CambioFiltro>
            <RevisionFrenos>true</RevisionFrenos>
            <Otros>Revisión general</Otros>
            <Matricula>7346FBY</Matricula>
        </Revision>
        <Revision>
            <Numero>18</Numero>
            <CambioAceite>false</CambioAceite>
            <CambioFiltro>true</CambioFiltro>
            <RevisionFrenos>true</RevisionFrenos>
            <Otros />
            <Matricula>4641EBV</Matricula>
        </Revision>
        <Revision>
            <Numero>19</Numero>
            <CambioAceite>true</CambioAceite>
            <CambioFiltro>true</CambioFiltro>
            <RevisionFrenos>true</RevisionFrenos>
            <Otros>Revisión general</Otros>
            <Matricula>2788MUW</Matricula>
        </Revision>
        <Revision>
            <Numero>20</Numero>
            <CambioAceite>false</CambioAceite>
            <CambioFiltro>true</CambioFiltro>
            <RevisionFrenos>true</RevisionFrenos>
            <Otros>Revisión general</Otros>
            <Matricula>2236SJT</Matricula>
        </Revision>
    </Revisiones>
</Concesionario>

